[
    {
        "condition": [
            "all"
        ],
        "rules": [
            {
                "selector": "all",
                "label": "Prototype",
                "description": "This rules targets the fictitious HTML element \"all\". It is used as base that other rules inherit properties from.",
                "path": "@data-designmode",
                "type": "@resourceType"
            },
            {
                "selector": "cq\\:include",
                "base": "all",
                "label": "CQ Include",
                "description": "This rules simulates the cq:include tag.",
                "path": "@path",
                "type": "@resourceType"
            },
            {
                "selector": "section",
                "base": "all",
                "label": "HTML section elements to AEM parsys components",
                "description": "This rules allows one to convert any HTML 5 \"section\" element to an AEM Parsys component.",
                "type": "foundation/components/parsys",
                "insertion": "INNERHTML",
                "editable": "*",
                "upload": "YES",
                "upload-as": "FILE",
                "upload-source": "INNERHTML",
                "upload-source-type": "LITERAL"
            },
            {
                "selector": "h1",
                "base": "all",
                "label": "HTML h1 elements to AEM title components",
                "description": "This rules allows one to convert any \"h1\" element to an AEM Title component.",
                "type": "foundation/components/title",
                "insertion": "OUTERHTML",
                "editable": "*",
                "upload": "YES",
                "upload-as": "FILE",
                "upload-source": "INNERHTML",
                "upload-source-type": "LITERAL"
            },
            {
                "selector": "h2",
                "base": "h1",
                "label": "HTML h2 elements to AEM title components",
                "description": "This rules allows one to convert any \"h2\" element to an AEM Title component."
            },
            {
                "selector": "p",
                "base": "all",
                "label": "HTML p elements to AEM rich text components",
                "description": "This rules allows one to convert any \"p\" element to an AEM Rich Text component.",
                "type": "foundation/components/text",
                "insertion": "INNERHTML",
                "editable": "*",
                "upload": "YES",
                "upload-as": "FILE",
                "upload-source": "INNERHTML",
                "upload-source-type": "LITERAL"
            },
            {
                "selector": "div",
                "base": "p",
                "label": "HTML div elements to AEM rich text components",
                "description": "This rules allows one to convert any \"div\" element to an AEM Rich Text component."
            },
            {
                "selector": "img",
                "base": "all",
                "label": "HTML img elements to AEM image components",
                "description": "This rules allows one to convert any \"img\" element to an AEM Image component.",
                "type": "foundation/components/image",
                "upload-source": "@src",
                "upload-as": "FILE",
                "upload-source-type": "REFERENCE",
                "upload": "YES"
            },
            {
                "selector": "ul",
                "base": "all",
                "label": "HTML ul elements to fixed AEM list components",
                "description": "This rules allows one to convert any \"ul\" element to an AEM List component.",
                "type": "foundation/components/list",
                "upload-source": "#uploadListItemHrefs",
                "upload-as": "FILE",
                "upload-source-type": "LITERAL",
                "upload": "YES"
            },
            {
                "selector": ".link-button",
                "label": "Link Button",
                "type": "/apps/rapid-projects/sample-zoo-spa-handlebars/components/common/linkbutton",
                "insertion": "WRAP",
                "editable": "*",
                "upload": "NO",
                "upload-source": "INNERHTML",
                "upload-source-type": "LITERAL",
                "upload-as": "FILE",
                "base": "all"
            },
            {
                "selector": ".animal-card",
                "label": "Animal Card",
                "type": "/apps/rapid-projects/sample-zoo-spa-handlebars/components/common/animalcard",
                "insertion": "WRAP",
                "editable": "*",
                "upload": "NO",
                "upload-source": "INNERHTML",
                "upload-source-type": "LITERAL",
                "upload-as": "FILE",
                "base": "all"
            }
        ]
    }
]