{
    
    "foundation/components/parsys"
  : "[?sling:resourceType=foundation/components/parsys]\n./content[?sling:resourceType=foundation/components/text&textIsRich{Boolean}=true]|text",


    "foundation/components/title"               
  : "./[?sling:resourceType=foundation/components/title]|jcr:title",


    "foundation/components/list"               
  : "./[?sling:resourceType=foundation/components/list&tagsMatch=any&listFrom=static]|pages",   

    "foundation/components/text"
  : "./[?sling:resourceType=foundation/components/text&textIsRich{Boolean}=true]|text",
  
  
    "foundation/components/textimage"
  : "./[?sling:resourceType=foundation/components/text&textIsRich{Boolean}=true]|text",


    "foundation/components/image"
  : "[?sling:resourceType=foundation/components/image]\n./file",
          
 
    "rapid/components/media/image"
  : "[?sling:resourceType=rapid/components/media/image]\n./file"

}