<?xml version="1.0" encoding="UTF-8"?>
<jcr:root xmlns:sling="http://sling.apache.org/jcr/sling/1.0" xmlns:cq="http://www.day.com/jcr/cq/1.0" xmlns:jcr="http://www.jcp.org/jcr/1.0" xmlns:nt="http://www.jcp.org/jcr/nt/1.0"
    jcr:primaryType="cq:Page">
    <jcr:content
        cq:lastModified="{Date}2018-08-19T12:04:29.843-05:00"
        cq:lastModifiedBy="admin"
        cq:template="/apps/sample-zoo-spa-handlebars/@mirror/templates/page/generic"
        jcr:primaryType="cq:PageContent"
        jcr:title="Aquatic"
        sling:resourceType="sample-zoo-spa-handlebars/@mirror/components/page/generic"
        aesr.mirror.url="/aquatic.html">
        <cards jcr:primaryType="nt:unstructured">
            <card0
                jcr:lastModified="{Date}2018-08-19T11:14:24.660-05:00"
                jcr:lastModifiedBy="admin"
                jcr:primaryType="nt:unstructured"
                sling:resourceType="sample-zoo-spa-handlebars/components/common/animalcard"
                description="Turtle description&#xd;&#xa;"
                title="Turtle">
                <image
                    jcr:lastModified="{Date}2018-08-19T11:14:24.660-05:00"
                    jcr:lastModifiedBy="admin"
                    jcr:primaryType="nt:unstructured"
                    sling:resourceType="foundation/components/image"
                    fileName="turtle.png"
                    filePath="/content/sample-zoo-spa-handlebars/aquatic/jcr:content/cards/card0/image/file">
                    <file/>
                </image>
            </card0>
            <card1
                jcr:lastModified="{Date}2018-08-19T12:04:29.749-05:00"
                jcr:lastModifiedBy="admin"
                jcr:primaryType="nt:unstructured"
                sling:resourceType="sample-zoo-spa-handlebars/components/common/animalcard"
                description="Dolphin description&#xd;&#xa;"
                title="Dolphin">
                <image
                    jcr:lastModified="{Date}2018-08-19T12:04:29.749-05:00"
                    jcr:lastModifiedBy="admin"
                    jcr:primaryType="nt:unstructured"
                    sling:resourceType="foundation/components/image"
                    fileName="dolphin.png"
                    filePath="/content/sample-zoo-spa-handlebars/aquatic/jcr:content/cards/card1/image/file">
                    <file/>
                </image>
            </card1>
        </cards>
        <links jcr:primaryType="nt:unstructured">
            <link0
                jcr:lastModified="{Date}2017-06-21T11:15:45.049-04:00"
                jcr:lastModifiedBy="admin"
                jcr:primaryType="nt:unstructured"
                sling:resourceType="sample-zoo-spa-handlebars/components/common/linkbutton"
                href="./"
                text="Homepage"/>
            <link1
                jcr:lastModified="{Date}2017-06-21T11:17:48.548-04:00"
                jcr:lastModifiedBy="admin"
                jcr:primaryType="nt:unstructured"
                sling:resourceType="sample-zoo-spa-handlebars/components/common/linkbutton"
                href="terrestrial.html"
                text="See Terrestrial"/>
        </links>
    </jcr:content>
</jcr:root>
