<?xml version="1.0" encoding="UTF-8"?>
<jcr:root xmlns:sling="http://sling.apache.org/jcr/sling/1.0" xmlns:cq="http://www.day.com/jcr/cq/1.0" xmlns:jcr="http://www.jcp.org/jcr/1.0" xmlns:nt="http://www.jcp.org/jcr/nt/1.0"
    jcr:primaryType="cq:Page">
    <jcr:content
        cq:lastModified="{Date}2018-08-19T11:17:49.661-05:00"
        cq:lastModifiedBy="admin"
        cq:template="/apps/sample-zoo-spa-handlebars/@mirror/templates/page/generic"
        jcr:primaryType="cq:PageContent"
        jcr:title="Terrestrial"
        sling:resourceType="sample-zoo-spa-handlebars/@mirror/components/page/generic"
        aesr.mirror.url="/terrestrial.html">
        <cards jcr:primaryType="nt:unstructured">
            <card0
                jcr:lastModified="{Date}2018-08-19T11:17:35.560-05:00"
                jcr:lastModifiedBy="admin"
                jcr:primaryType="nt:unstructured"
                sling:resourceType="sample-zoo-spa-handlebars/components/common/animalcard"
                description="Panda description&#xd;&#xa;"
                title="Panda">
                <image
                    jcr:lastModified="{Date}2018-08-19T11:17:35.560-05:00"
                    jcr:lastModifiedBy="admin"
                    jcr:primaryType="nt:unstructured"
                    sling:resourceType="foundation/components/image"
                    filePath="/content/sample-zoo-spa-handlebars/terrestrial/jcr:content/cards/card0/image/file"
                    imageRotate="0">
                    <file/>
                </image>
            </card0>
            <card1
                jcr:lastModified="{Date}2018-08-19T11:17:49.600-05:00"
                jcr:lastModifiedBy="admin"
                jcr:primaryType="nt:unstructured"
                sling:resourceType="sample-zoo-spa-handlebars/components/common/animalcard"
                description="Elephant description&#xd;&#xa;"
                title="Elephant">
                <image
                    jcr:lastModified="{Date}2018-08-19T11:17:49.600-05:00"
                    jcr:lastModifiedBy="admin"
                    jcr:primaryType="nt:unstructured"
                    sling:resourceType="foundation/components/image"
                    filePath="/content/sample-zoo-spa-handlebars/terrestrial/jcr:content/cards/card1/image/file"
                    imageRotate="0">
                    <file/>
                </image>
            </card1>
        </cards>
        <links jcr:primaryType="nt:unstructured">
            <link0
                jcr:lastModified="{Date}2017-06-21T11:17:11.135-04:00"
                jcr:lastModifiedBy="admin"
                jcr:primaryType="nt:unstructured"
                sling:resourceType="sample-zoo-spa-handlebars/components/common/linkbutton"
                href="./"
                text="Homepage"/>
            <link1
                jcr:lastModified="{Date}2018-01-29T12:30:45.214-05:00"
                jcr:lastModifiedBy="edouard"
                jcr:primaryType="nt:unstructured"
                sling:resourceType="sample-zoo-spa-handlebars/components/common/linkbutton"
                href="aquatic.html"
                text="See Aquatic"/>
        </links>
    </jcr:content>
</jcr:root>
