<?xml version="1.0" encoding="UTF-8"?>
<jcr:root xmlns:sling="http://sling.apache.org/jcr/sling/1.0" xmlns:cq="http://www.day.com/jcr/cq/1.0" xmlns:jcr="http://www.jcp.org/jcr/1.0" xmlns:nt="http://www.jcp.org/jcr/nt/1.0"
    jcr:primaryType="cq:Page">
    <jcr:content
        cq:lastModified="{Date}2017-03-07T23:04:46.442-05:00"
        cq:lastModifiedBy="admin"
        cq:template="/apps/rapid-projects/sample-zoo-spa-handlebars/templates/page/generic"
        jcr:primaryType="cq:PageContent"
        sling:resourceType="rapid-projects/sample-zoo-spa-handlebars/components/page/generic"
        aesr.project.url="/terrestrial.html">
        <cards jcr:primaryType="nt:unstructured">
            <card0
                jcr:lastModified="{Date}2017-03-07T22:39:24.157-05:00"
                jcr:lastModifiedBy="admin"
                jcr:primaryType="nt:unstructured"
                sling:resourceType="rapid-projects/sample-zoo-spa-handlebars/components/common/animalcard"
                description="&lt;p>Panda description&lt;/p>&#xa;"
                title="Panda">
                <image
                    jcr:lastModified="{Date}2017-03-07T22:39:24.157-05:00"
                    jcr:lastModifiedBy="admin"
                    jcr:primaryType="nt:unstructured"
                    sling:resourceType="foundation/components/image"
                    filePath="/content/rapid/sample-zoo-spa-handlebars/terrestrial/jcr:content/cards/card0/image/file"
                    imageRotate="0">
                    <file/>
                </image>
            </card0>
            <card1
                jcr:lastModified="{Date}2017-03-07T22:39:45.841-05:00"
                jcr:lastModifiedBy="admin"
                jcr:primaryType="nt:unstructured"
                sling:resourceType="rapid-projects/sample-zoo-spa-handlebars/components/common/animalcard"
                description="&lt;p>Elephant description&lt;/p>&#xa;"
                title="Elephant">
                <image
                    jcr:lastModified="{Date}2017-03-07T22:39:45.841-05:00"
                    jcr:lastModifiedBy="admin"
                    jcr:primaryType="nt:unstructured"
                    sling:resourceType="foundation/components/image"
                    filePath="/content/rapid/sample-zoo-spa-handlebars/terrestrial/jcr:content/cards/card1/image/file"
                    imageRotate="0">
                    <file/>
                </image>
            </card1>
        </cards>
        <links jcr:primaryType="nt:unstructured">
            <link0
                jcr:lastModified="{Date}2017-03-07T22:56:25.341-05:00"
                jcr:lastModifiedBy="admin"
                jcr:primaryType="nt:unstructured"
                sling:resourceType="rapid-projects/sample-zoo-spa-handlebars/components/common/linkbutton"
                href="./aquatic.html"
                text="Aquatic"/>
            <link1
                jcr:lastModified="{Date}2017-03-07T22:56:10.273-05:00"
                jcr:lastModifiedBy="admin"
                jcr:primaryType="nt:unstructured"
                sling:resourceType="rapid-projects/sample-zoo-spa-handlebars/components/common/linkbutton"
                href="./"
                text="Homepage"/>
        </links>
    </jcr:content>
</jcr:root>
